{"cameraMode":{"drawMode":0,"name":"Shaded","section":"Shading Mode"},"sceneLighting":true,"audioPlay":false,"sceneViewState":{"m_AlwaysRefresh":false,"showFog":true,"showSkybox":true,"showFlares":true,"showImageEffects":true,"showParticleSystems":true,"showVisualEffectGraphs":true,"m_FxEnabled":true},"in2DMode":false,"pivot":{"x":41.986358642578128,"y":0.32763415575027468,"z":42.358909606933597},"rotation":{"x":0.3583472967147827,"y":-0.056524891406297687,"z":0.021741125732660295,"w":0.9316288828849793},"size":36.510284423828128,"orthographic":false}