{"cameraMode":{"drawMode":0,"name":"Shaded","section":"Shading Mode"},"sceneLighting":true,"audioPlay":false,"sceneViewState":{"m_AlwaysRefresh":false,"showFog":true,"showSkybox":true,"showFlares":true,"showImageEffects":true,"showParticleSystems":true,"showVisualEffectGraphs":true,"m_FxEnabled":true},"in2DMode":false,"pivot":{"x":1.2212132215499879,"y":20.52570152282715,"z":-14.095721244812012},"rotation":{"x":0.41240742802619936,"y":0.11860880255699158,"z":-0.05425268039107323,"w":0.9016167521476746},"size":0.009460486471652985,"orthographic":false}