{"cameraMode":{"drawMode":0,"name":"Shaded","section":"Shading Mode"},"sceneLighting":false,"audioPlay":false,"sceneViewState":{"m_AlwaysRefresh":false,"showFog":true,"showSkybox":false,"showFlares":true,"showImageEffects":true,"showParticleSystems":true,"showVisualEffectGraphs":true,"m_FxEnabled":true},"in2DMode":false,"pivot":{"x":3.656203508377075,"y":3.191945791244507,"z":6.830501079559326},"rotation":{"x":0.17660443484783173,"y":0.026573481038212777,"z":-0.004770378116518259,"w":0.9839157462120056},"size":14.404988288879395,"orthographic":false}